,N_customers,vaccination_prop,len_shoplist,basic_compliance,vision,run,n_problematic_contacts,n_problematic_contacts_mean,n_problematic_contacts_mean_100
0,76,0.03076171875,0,0.49658203125,4,0,74,62.746506986027946,64.65835411471322
1,25,0.03076171875,0,0.49658203125,4,1,28,19.44111776447106,22.08728179551122
2,76,0.53271484375,0,0.49658203125,4,2,14,11.848303393213573,11.783042394014963
3,76,0.03076171875,19,0.49658203125,4,3,10,13.48502994011976,13.603491271820449
4,76,0.03076171875,0,0.39013671875,4,4,63,61.07185628742515,62.17206982543641
5,76,0.03076171875,0,0.49658203125,4,5,66,59.12774451097805,61.06483790523691
6,25,0.53271484375,19,0.39013671875,4,6,0,0.1536926147704591,0.1770573566084788
7,146,0.53076171875,10,0.99658203125,6,7,16,10.868263473053892,11.129675810473815
8,95,0.53076171875,10,0.99658203125,6,8,2,2.9900199600798403,3.119700748129676
9,146,0.03271484375,10,0.99658203125,6,9,36,45.60279441117765,46.6783042394015
10,146,0.53076171875,9,0.99658203125,6,10,13,12.011976047904191,11.99501246882793
11,146,0.53076171875,10,0.89013671875,6,11,24,12.698602794411178,12.356608478802993
12,146,0.53076171875,10,0.99658203125,6,12,15,13.071856287425149,13.28428927680798
13,95,0.03271484375,9,0.89013671875,6,13,18,17.035928143712574,15.910224438902743
14,111,0.28076171875,5,0.24658203125,5,14,10,18.295409181636728,18.561097256857856
15,130,0.28076171875,5,0.24658203125,5,15,31,30.227544910179642,31.55361596009975
16,111,0.78271484375,5,0.24658203125,5,16,0,2.0199600798403194,1.9027431421446384
17,111,0.28076171875,4,0.24658203125,5,17,12,20.54690618762475,20.326683291770575
18,111,0.28076171875,5,0.64013671875,5,18,10,17.241516966067863,18.23940149625935
19,111,0.28076171875,5,0.24658203125,5,19,17,19.850299401197606,19.965087281795512
20,130,0.78271484375,4,0.64013671875,5,20,2,3.3213572854291415,3.690773067331671
21,41,0.78076171875,15,0.74658203125,3,21,0,0.10578842315369262,0.11221945137157108
22,60,0.78076171875,15,0.74658203125,3,22,0,0.3213572854291417,0.2967581047381546
23,41,0.28271484375,15,0.74658203125,3,23,2,1.2115768463073853,1.346633416458853
24,41,0.78076171875,14,0.74658203125,3,24,0,0.1497005988023952,0.16708229426433915
25,41,0.78076171875,15,0.14013671875,3,25,0,0.34530938123752497,0.3765586034912718
26,41,0.78076171875,15,0.74658203125,3,26,1,0.0658682634730539,0.07231920199501247
27,60,0.28271484375,14,0.14013671875,3,27,4,3.5788423153692617,3.401496259351621
28,32,0.21826171875,6,0.93408203125,5,28,0,0.5788423153692615,0.5037406483790524
29,68,0.21826171875,6,0.93408203125,5,29,1,3.714570858283433,3.1670822942643393
30,32,0.59521484375,6,0.93408203125,5,30,0,0.17165668662674652,0.18952618453865336
31,32,0.21826171875,17,0.93408203125,5,31,0,0.5688622754491018,0.5985037406483791
32,32,0.21826171875,6,0.45263671875,5,32,0,1.2095808383233533,1.254364089775561
33,32,0.21826171875,6,0.93408203125,5,33,0,0.47305389221556887,0.29177057356608477
34,68,0.59521484375,17,0.45263671875,5,34,0,2.5848303393213574,2.4438902743142146
35,102,0.71826171875,16,0.43408203125,3,35,4,2.059880239520958,2.0374064837905235
36,138,0.71826171875,16,0.43408203125,3,36,5,5.325349301397206,4.84788029925187
37,102,0.09521484375,16,0.43408203125,3,37,27,23.44311377245509,23.528678304239403
38,102,0.71826171875,7,0.43408203125,3,38,3,2.463073852295409,2.7630922693266835
39,102,0.71826171875,16,0.95263671875,3,39,3,2.035928143712575,2.1920199501246884
40,102,0.71826171875,16,0.43408203125,3,40,1,2.4251497005988023,2.4763092269326683
41,138,0.09521484375,7,0.95263671875,3,41,29,30.105788423153694,30.870324189526183
42,137,0.46826171875,1,0.68408203125,4,42,13,24.67864271457086,25.967581047381547
43,103,0.46826171875,1,0.68408203125,4,43,11,12.233532934131736,13.463840399002494
44,137,0.84521484375,1,0.68408203125,4,44,8,2.564870259481038,2.9052369077306732
45,137,0.46826171875,2,0.68408203125,4,45,25,17.347305389221557,17.698254364089774
46,137,0.46826171875,1,0.70263671875,4,46,16,23.281437125748504,24.556109725685786
47,137,0.46826171875,1,0.68408203125,4,47,39,24.36127744510978,25.286783042394013
48,103,0.84521484375,2,0.70263671875,4,48,4,0.6487025948103793,0.7206982543640897
49,67,0.96826171875,11,0.18408203125,6,49,0,0.07385229540918163,0.08478802992518704
50,33,0.96826171875,11,0.18408203125,6,50,0,0.0,0.0
51,67,0.34521484375,11,0.18408203125,6,51,7,7.219560878243513,7.2094763092269325
52,67,0.96826171875,12,0.18408203125,6,52,0,0.01996007984031936,0.00997506234413965
53,67,0.96826171875,11,0.20263671875,6,53,0,0.0,0.0
54,67,0.96826171875,11,0.18408203125,6,54,0,0.015968063872255488,0.0199501246882793
55,33,0.34521484375,12,0.20263671875,6,55,1,0.9660678642714571,0.9850374064837906
56,50,0.34326171875,19,0.05908203125,6,56,5,3.6307385229540916,3.8329177057356607
57,51,0.34326171875,19,0.05908203125,6,57,4,3.3932135728542914,3.291770573566085
58,50,0.97021484375,19,0.05908203125,6,58,0,0.0,0.0
59,50,0.34326171875,0,0.05908203125,6,59,17,26.964071856287426,29.30922693266833
60,50,0.34326171875,19,0.57763671875,6,60,2,1.9600798403193613,1.9700748129675811
61,50,0.34326171875,19,0.05908203125,3,61,4,2.283433133732535,2.057356608478803
62,51,0.97021484375,0,0.57763671875,3,62,0,0.07984031936127745,0.09975062344139651
63,120,0.84326171875,9,0.55908203125,4,63,3,1.7145708582834331,1.4214463840399003
64,121,0.84326171875,9,0.55908203125,4,64,1,0.8483033932135728,0.9152119700748129
65,120,0.47021484375,9,0.55908203125,4,65,11,9.688622754491018,9.82294264339152
66,120,0.84326171875,10,0.55908203125,4,66,0,1.0139720558882235,1.1346633416458853
67,120,0.84326171875,9,0.07763671875,4,67,7,3.0878243512974053,3.511221945137157
68,120,0.84326171875,9,0.55908203125,5,68,1,1.2854291417165669,1.5037406483790523
69,121,0.47021484375,10,0.07763671875,5,69,10,14.546906187624751,14.42643391521197
70,85,0.09326171875,14,0.30908203125,3,70,12,16.842315369261478,16.810473815461346
71,86,0.09326171875,14,0.30908203125,3,71,19,15.624750499001996,16.184538653366584
72,85,0.72021484375,14,0.30908203125,3,72,1,1.7125748502994012,1.6783042394014962
73,85,0.09326171875,15,0.30908203125,3,73,11,16.67065868263473,16.25935162094763
74,85,0.09326171875,14,0.32763671875,3,74,11,12.960079840319361,12.087281795511222
75,85,0.09326171875,14,0.30908203125,6,75,19,18.758483033932137,19.104738154613468
76,86,0.72021484375,15,0.32763671875,6,76,0,0.8522954091816367,0.8354114713216958
77,15,0.59326171875,4,0.80908203125,5,77,0,0.023952095808383235,0.02743142144638404
78,16,0.59326171875,4,0.80908203125,5,78,0,0.0718562874251497,0.022443890274314215
79,15,0.22021484375,4,0.80908203125,5,79,0,0.06986027944111776,0.057356608478802994
80,15,0.59326171875,5,0.80908203125,5,80,0,0.007984031936127744,0.00997506234413965
81,15,0.59326171875,4,0.82763671875,5,81,0,0.017964071856287425,0.0
82,15,0.59326171875,4,0.80908203125,4,82,0,0.013972055888223553,0.014962593516209476
83,16,0.22021484375,5,0.82763671875,4,83,0,0.05788423153692615,0.06234413965087282
84,17,0.35888671875,8,0.73095703125,4,84,0,0.03592814371257485,0.04488778054862843
85,36,0.35888671875,8,0.73095703125,4,85,2,0.6746506986027944,0.7007481296758105
86,17,0.67333984375,8,0.73095703125,4,86,0,0.005988023952095809,0.007481296758104738
87,17,0.35888671875,7,0.73095703125,4,87,0,0.027944111776447105,0.029925187032418952
88,17,0.35888671875,8,0.03076171875,4,88,2,0.3912175648702595,0.42144638403990026
89,17,0.35888671875,8,0.73095703125,6,89,1,0.06387225548902195,0.05486284289276808
90,36,0.67333984375,7,0.03076171875,6,90,0,0.6147704590818364,0.3541147132169576
91,87,0.85888671875,18,0.23095703125,6,91,0,0.2055888223552894,0.2144638403990025
92,106,0.85888671875,18,0.23095703125,6,92,1,1.249500998003992,1.2693266832917707
93,87,0.17333984375,18,0.23095703125,6,93,17,17.570858283433132,16.86284289276808
94,87,0.85888671875,17,0.23095703125,6,94,0,0.31137724550898205,0.3541147132169576
95,87,0.85888671875,18,0.53076171875,6,95,0,0.49500998003992014,0.456359102244389
96,87,0.85888671875,18,0.23095703125,4,96,1,0.24550898203592814,0.22693266832917705
97,106,0.17333984375,17,0.53076171875,4,97,11,20.940119760479043,19.633416458852867
98,122,0.10888671875,3,0.98095703125,5,98,32,24.91616766467066,25.366583541147133
99,141,0.10888671875,3,0.98095703125,5,99,40,39.54291417165668,40.718204488778056
100,122,0.92333984375,3,0.98095703125,5,100,0,0.3712574850299401,0.3765586034912718
101,122,0.10888671875,12,0.98095703125,5,101,26,22.534930139720558,22.92768079800499
102,122,0.10888671875,3,0.78076171875,5,102,46,30.10379241516966,31.41147132169576
103,122,0.10888671875,3,0.98095703125,3,103,22,22.806387225548903,22.34912718204489
104,141,0.92333984375,12,0.78076171875,3,104,2,0.5708582834331337,0.5885286783042394
105,52,0.60888671875,13,0.48095703125,3,105,1,0.8323353293413174,0.9650872817955112
106,71,0.60888671875,13,0.48095703125,3,106,5,1.6127744510978044,1.7780548628428927
107,52,0.42333984375,13,0.48095703125,3,107,4,2.0379241516966067,1.8354114713216958
108,52,0.60888671875,2,0.48095703125,3,108,0,1.3173652694610778,1.4039900249376558
109,52,0.60888671875,13,0.28076171875,3,109,1,1.029940119760479,1.0773067331670823
110,52,0.60888671875,13,0.48095703125,5,110,2,0.6207584830339321,0.6533665835411472
111,71,0.42333984375,2,0.28076171875,5,111,7,5.031936127744511,5.0997506234413965
112,70,0.23388671875,15,0.35595703125,3,112,5,6.864271457085828,6.1895261845386536
113,18,0.23388671875,15,0.35595703125,3,113,0,0.2315369261477046,0.14962593516209477
114,70,0.79833984375,15,0.35595703125,3,114,0,0.7724550898203593,0.8254364089775561
115,70,0.23388671875,10,0.35595703125,3,115,9,7.005988023952096,7.349127182044888
116,70,0.23388671875,15,0.90576171875,3,116,5,4.327345309381237,4.157107231920199
117,70,0.23388671875,15,0.35595703125,4,117,12,9.179640718562874,9.83291770573566
118,18,0.79833984375,10,0.90576171875,4,118,0,0.007984031936127744,0.004987531172069825
119,140,0.73388671875,5,0.85595703125,5,119,6,4.253493013972056,4.117206982543641
120,88,0.73388671875,5,0.85595703125,5,120,2,0.656686626746507,0.7306733167082294
121,140,0.29833984375,5,0.85595703125,5,121,38,25.55489021956088,25.648379052369076
122,140,0.73388671875,0,0.85595703125,5,122,14,5.1836327345309385,4.6084788029925186
123,140,0.73388671875,5,0.40576171875,5,123,8,4.680638722554891,4.561097256857855
124,140,0.73388671875,5,0.85595703125,6,124,3,2.9161676646706587,2.917705735660848
125,88,0.29833984375,0,0.40576171875,6,125,46,35.74451097804391,34.90274314214464
126,105,0.48388671875,10,0.10595703125,6,126,10,12.387225548902196,12.693266832917706
127,123,0.48388671875,10,0.10595703125,6,127,19,15.658682634730539,15.99002493765586
128,105,0.54833984375,10,0.10595703125,6,128,4,5.788423153692615,5.623441396508728
129,105,0.48388671875,5,0.10595703125,6,129,11,8.453093812375249,8.561097256857856
130,105,0.48388671875,10,0.15576171875,6,130,9,9.826347305389222,9.374064837905237
131,105,0.48388671875,10,0.10595703125,5,131,2,9.379241516966069,8.581047381546135
132,123,0.54833984375,5,0.15576171875,5,132,10,10.327345309381238,10.351620947630924
133,35,0.98388671875,0,0.60595703125,4,133,0,0.0,0.0
134,53,0.98388671875,0,0.60595703125,4,134,0,0.033932135728542916,0.04239401496259352
135,35,0.04833984375,0,0.60595703125,4,135,35,36.18363273453094,41.14962593516209
136,35,0.98388671875,15,0.60595703125,4,136,0,0.0,0.0
137,35,0.98388671875,0,0.65576171875,4,137,0,0.0,0.0
138,35,0.98388671875,0,0.60595703125,3,138,1,0.003992015968063872,0.004987531172069825
139,53,0.04833984375,15,0.65576171875,3,139,5,3.8243512974051894,4.187032418952619
140,43,0.04638671875,12,0.79345703125,6,140,2,2.349301397205589,2.508728179551122
141,79,0.04638671875,12,0.79345703125,6,141,12,9.874251497005988,10.27431421446384
142,43,0.86083984375,12,0.79345703125,6,142,0,0.033932135728542916,0.04239401496259352
143,43,0.04638671875,11,0.79345703125,6,143,4,2.6207584830339323,2.837905236907731
144,43,0.04638671875,12,0.96826171875,6,144,0,1.658682634730539,1.628428927680798
145,43,0.04638671875,12,0.79345703125,5,145,2,2.157684630738523,2.2194513715710724
146,79,0.86083984375,11,0.96826171875,5,146,0,0.281437125748503,0.1596009975062344
147,113,0.54638671875,2,0.29345703125,4,147,16,11.147704590818364,11.513715710723192
148,149,0.54638671875,2,0.29345703125,4,148,6,18.622754491017965,17.855361596009974
149,113,0.36083984375,2,0.29345703125,4,149,28,20.86626746506986,20.546134663341647
150,113,0.54638671875,1,0.29345703125,4,150,15,14.031936127744512,13.024937655860349
151,113,0.54638671875,2,0.46826171875,4,151,10,9.704590818363274,9.812967581047381
152,113,0.54638671875,2,0.29345703125,3,152,14,8.812375249500999,9.541147132169575
153,149,0.36083984375,1,0.46826171875,3,153,28,36.71057884231537,35.69576059850374
154,148,0.29638671875,17,0.54345703125,3,154,50,40.11177644710579,41.67331670822943
155,114,0.29638671875,17,0.54345703125,3,155,26,16.81636726546906,15.753117206982544
156,148,0.61083984375,17,0.54345703125,3,156,23,12.760479041916168,13.311720698254364
157,148,0.29638671875,6,0.54345703125,3,157,24,29.377245508982035,26.987531172069826
158,148,0.29638671875,17,0.21826171875,3,158,63,42.80439121756487,41.6783042394015
159,148,0.29638671875,17,0.54345703125,4,159,43,25.059880239520957,26.381546134663342
160,114,0.61083984375,6,0.21826171875,4,160,5,6.616766467065868,6.339152119700748
161,78,0.79638671875,7,0.04345703125,5,161,1,0.9500998003992016,1.084788029925187
162,44,0.79638671875,7,0.04345703125,5,162,0,0.23552894211576847,0.2718204488778055
163,78,0.11083984375,7,0.04345703125,5,163,12,13.44311377245509,13.488778054862843
164,78,0.79638671875,16,0.04345703125,5,164,1,1.2075848303393213,1.0124688279301746
165,78,0.79638671875,7,0.71826171875,5,165,0,0.7604790419161677,0.885286783042394
166,78,0.79638671875,7,0.04345703125,6,166,0,1.5249500998003993,1.653366583541147
167,44,0.11083984375,16,0.71826171875,6,167,0,2.399201596806387,2.28927680798005
168,61,0.42138671875,4,0.16845703125,5,168,3,3.13373253493014,3.162094763092269
169,62,0.42138671875,4,0.16845703125,5,169,4,3.656686626746507,3.508728179551122
170,61,0.73583984375,4,0.16845703125,5,170,1,1.091816367265469,1.172069825436409
171,61,0.42138671875,8,0.16845703125,5,171,3,3.6347305389221556,3.536159600997506
172,61,0.42138671875,4,0.09326171875,5,172,5,3.3612774451097804,3.1945137157107233
173,61,0.42138671875,4,0.16845703125,3,173,4,3.1417165668662674,2.9226932668329177
174,62,0.73583984375,8,0.09326171875,3,174,0,0.3812375249500998,0.36159600997506236
175,131,0.92138671875,14,0.66845703125,3,175,0,0.011976047904191617,0.014962593516209476
176,132,0.92138671875,14,0.66845703125,3,176,0,0.25748502994011974,0.32169576059850374
177,131,0.23583984375,14,0.66845703125,3,177,38,29.027944111776446,28.700748129675812
178,131,0.92138671875,18,0.66845703125,3,178,0,0.06986027944111776,0.08478802992518704
179,131,0.92138671875,14,0.59326171875,3,179,0,0.28542914171656686,0.3566084788029925
180,131,0.92138671875,14,0.66845703125,5,180,1,0.43313373253493015,0.45885286783042395
181,132,0.23583984375,18,0.59326171875,5,181,28,28.089820359281436,29.134663341645886
182,96,0.17138671875,9,0.41845703125,4,182,12,15.285429141716566,13.708229426433915
183,97,0.17138671875,9,0.41845703125,4,183,22,16.18363273453094,16.399002493765586
184,96,0.98583984375,9,0.41845703125,4,184,0,0.0,0.0
185,96,0.17138671875,13,0.41845703125,4,185,17,16.97804391217565,17.65586034912718
186,96,0.17138671875,9,0.84326171875,4,186,11,10.347305389221557,10.895261845386534
187,96,0.17138671875,9,0.41845703125,6,187,21,17.97005988023952,17.85286783042394
188,97,0.98583984375,13,0.84326171875,6,188,0,0.0,0.0
189,26,0.67138671875,19,0.91845703125,6,189,0,0.12974051896207583,0.13216957605985039
190,27,0.67138671875,19,0.91845703125,6,190,0,0.05189620758483034,0.03740648379052369
191,26,0.48583984375,19,0.91845703125,6,191,0,0.10778443113772455,0.08977556109725686
192,26,0.67138671875,3,0.91845703125,6,192,0,0.07385229540918163,0.09226932668329177
193,26,0.67138671875,19,0.34326171875,6,193,0,0.11776447105788423,0.1396508728179551
194,26,0.67138671875,19,0.91845703125,4,194,0,0.023952095808383235,0.017456359102244388
195,27,0.48583984375,3,0.34326171875,4,195,0,0.3313373253493014,0.3765586034912718
196,21,0.14013671875,1,0.07470703125,3,196,2,1.4510978043912175,1.5436408977556109
197,127,0.14013671875,1,0.07470703125,3,197,54,56.656686626746506,58.745635910224436
198,21,0.14208984375,1,0.07470703125,3,198,4,0.9261477045908184,0.9276807980049875
199,21,0.14013671875,14,0.07470703125,3,199,0,0.7405189620758483,0.6359102244389028
200,21,0.14013671875,1,0.49951171875,3,200,0,0.6087824351297405,0.6533665835411472
201,21,0.14013671875,1,0.07470703125,6,201,2,1.2654690618762474,1.112219451371571
202,127,0.14208984375,14,0.49951171875,6,202,38,38.35329341317365,39.271820448877804
203,91,0.64013671875,11,0.57470703125,5,203,5,2.650698602794411,3.089775561097257
204,57,0.64013671875,11,0.57470703125,5,204,0,1.1417165668662674,0.8553615960099751
205,91,0.64208984375,11,0.57470703125,5,205,2,2.9081836327345307,3.14214463840399
206,91,0.64013671875,4,0.57470703125,5,206,1,4.828343313373254,5.087281795511222
207,91,0.64013671875,11,0.99951171875,5,207,1,1.3572854291417165,1.4039900249376558
208,91,0.64013671875,11,0.57470703125,4,208,8,3.686626746506986,3.9900249376558605
209,57,0.64208984375,4,0.99951171875,4,209,0,0.3772455089820359,0.4513715710723192
210,126,0.39013671875,6,0.32470703125,6,210,16,18.952095808383234,19.394014962593516
211,22,0.39013671875,6,0.32470703125,6,211,0,0.16367265469061876,0.14962593516209477
212,126,0.39208984375,6,0.32470703125,6,212,21,19.2375249500998,20.311720698254366
213,126,0.39013671875,9,0.32470703125,6,213,28,20.039920159680637,19.33416458852868
214,126,0.39013671875,6,0.74951171875,6,214,22,18.560878243512974,18.962593516209477
215,126,0.39013671875,6,0.32470703125,3,215,21,18.26746506986028,17.85785536159601
216,22,0.39208984375,9,0.74951171875,3,216,0,0.03792415169660679,0.02743142144638404
217,56,0.89013671875,16,0.82470703125,4,217,0,0.15768463073852296,0.11471321695760599
218,92,0.89013671875,16,0.82470703125,4,218,3,0.8043912175648703,0.942643391521197
219,56,0.89208984375,16,0.82470703125,4,219,0,0.12974051896207583,0.08229426433915212
220,56,0.89013671875,19,0.82470703125,4,220,1,0.2315369261477046,0.24688279301745636
221,56,0.89013671875,16,0.24951171875,4,221,0,0.04790419161676647,0.032418952618453865
222,56,0.89013671875,16,0.82470703125,5,222,0,0.05389221556886228,0.06733167082294264
223,92,0.89208984375,19,0.24951171875,5,223,0,0.09580838323353294,0.09476309226932668
224,74,0.26513671875,13,0.94970703125,4,224,4,4.5249500998003995,4.5187032418952615
225,145,0.26513671875,13,0.94970703125,4,225,29,23.682634730538922,24.102244389027433
226,74,0.26708984375,13,0.94970703125,4,226,8,4.8662674650698605,4.9900249376558605
227,74,0.26513671875,7,0.94970703125,4,227,5,2.722554890219561,2.947630922693267
228,74,0.26513671875,13,0.62451171875,4,228,3,6.966067864271457,6.970074812967581
229,74,0.26513671875,13,0.94970703125,4,229,9,5.135728542914172,5.830423940149626
230,145,0.26708984375,7,0.62451171875,4,230,34,30.32934131736527,29.31920199501247
231,144,0.76513671875,3,0.44970703125,6,231,4,3.978043912175649,3.830423940149626
232,75,0.76513671875,3,0.44970703125,6,232,0,0.7604790419161677,0.7880299251870324
233,144,0.76708984375,3,0.44970703125,6,233,0,3.934131736526946,4.2269326683291775
234,144,0.76513671875,17,0.44970703125,6,234,6,3.1017964071856285,3.1571072319201994
235,144,0.76513671875,3,0.12451171875,6,235,9,5.299401197604791,5.905236907730673
236,144,0.76513671875,3,0.44970703125,6,236,3,4.065868263473054,4.376558603491272
237,75,0.76708984375,17,0.12451171875,6,237,0,1.3952095808383234,1.28428927680798
238,109,0.01513671875,18,0.69970703125,5,238,28,28.393213572854293,29.01496259351621
239,40,0.01513671875,18,0.69970703125,5,239,0,1.8982035928143712,1.7082294264339153
240,109,0.01708984375,18,0.69970703125,5,240,30,26.868263473053894,27.41645885286783
241,109,0.01513671875,12,0.69970703125,5,241,27,26.64870259481038,27.299251870324188
242,109,0.01513671875,18,0.37451171875,5,242,31,36.58882235528942,34.790523690773064
243,109,0.01513671875,18,0.69970703125,5,243,21,26.810379241516966,26.24937655860349
244,40,0.01708984375,12,0.37451171875,5,244,2,3.367265469061876,3.27930174563591
245,39,0.51513671875,8,0.19970703125,3,245,0,0.5548902195608783,0.6134663341645885
246,110,0.51513671875,8,0.19970703125,3,246,3,9.978043912175648,10.057356608478804
247,39,0.51708984375,8,0.19970703125,3,247,0,0.9141716566866267,1.0149625935162094
248,39,0.51513671875,2,0.19970703125,3,248,0,0.9580838323353293,0.8553615960099751
249,39,0.51513671875,8,0.87451171875,3,249,0,0.34530938123752497,0.2518703241895262
250,39,0.51513671875,8,0.19970703125,3,250,0,0.872255489021956,0.970074812967581
251,110,0.51708984375,2,0.87451171875,3,251,5,7.614770459081837,8.513715710723192
252,30,0.45263671875,17,0.38720703125,5,252,0,0.5868263473053892,0.5610972568578554
253,84,0.45263671875,17,0.38720703125,5,253,6,6.075848303393213,6.169576059850374
254,30,0.32958984375,17,0.38720703125,5,254,0,0.7724550898203593,0.8154613466334164
255,30,0.45263671875,5,0.38720703125,5,255,0,0.38922155688622756,0.3167082294264339
256,30,0.45263671875,17,0.56201171875,5,256,1,0.5129740518962076,0.5785536159600998
257,30,0.45263671875,17,0.38720703125,5,257,0,0.469061876247505,0.4239401496259352
258,84,0.32958984375,5,0.56201171875,5,258,7,7.716566866267465,8.029925187032418
259,100,0.95263671875,7,0.88720703125,3,259,0,0.1656686626746507,0.20698254364089774
260,14,0.95263671875,7,0.88720703125,3,260,0,0.0,0.0
261,100,0.82958984375,7,0.88720703125,3,261,0,0.590818363273453,0.5586034912718204
262,100,0.95263671875,15,0.88720703125,3,262,0,0.007984031936127744,0.00997506234413965
263,100,0.95263671875,7,0.06201171875,3,263,0,0.041916167664670656,0.05236907730673317
264,100,0.95263671875,7,0.88720703125,3,264,0,0.029940119760479042,0.029925187032418952
265,14,0.82958984375,15,0.06201171875,3,265,0,0.005988023952095809,0.0
266,135,0.20263671875,12,0.13720703125,4,266,54,42.0439121756487,43.748129675810475
267,49,0.20263671875,12,0.13720703125,4,267,4,4.902195608782435,5.167082294264339
268,135,0.07958984375,12,0.13720703125,4,268,52,51.550898203592816,49.583541147132166
269,135,0.20263671875,10,0.13720703125,4,269,27,33.964071856287426,33.244389027431424
270,135,0.20263671875,12,0.31201171875,4,270,62,41.908183632734534,41.32418952618454
271,135,0.20263671875,12,0.13720703125,4,271,27,36.395209580838326,35.87281795511222
272,49,0.07958984375,10,0.31201171875,4,272,1,3.337325349301397,3.4114713216957604
273,65,0.70263671875,2,0.63720703125,6,273,1,0.7744510978043913,0.7481296758104738
274,119,0.70263671875,2,0.63720703125,6,274,6,4.604790419161676,5.3541147132169575
275,65,0.57958984375,2,0.63720703125,6,275,7,3.377245508982036,3.361596009975062
276,65,0.70263671875,0,0.63720703125,6,276,2,6.315369261477046,7.162094763092269
277,65,0.70263671875,2,0.81201171875,6,277,0,0.7724550898203593,0.5985037406483791
278,65,0.70263671875,2,0.63720703125,6,278,6,1.2854291417165669,1.1945137157107233
279,119,0.57958984375,0,0.81201171875,6,279,11,14.57684630738523,14.997506234413965
280,48,0.07763671875,5,0.51220703125,6,280,1,3.5508982035928143,3.428927680798005
281,101,0.07763671875,5,0.51220703125,6,281,18,21.58682634730539,21.955112219451372
282,48,0.20458984375,5,0.51220703125,6,282,5,2.2135728542914173,2.0049875311720697
283,48,0.07763671875,13,0.51220703125,6,283,6,3.377245508982036,3.403990024937656
284,48,0.07763671875,5,0.43701171875,6,284,4,3.506986027944112,3.463840399002494
285,48,0.07763671875,5,0.51220703125,3,285,1,2.5469061876247503,2.541147132169576
286,101,0.20458984375,13,0.43701171875,3,286,20,19.838323353293415,20.571072319201996
287,118,0.57763671875,15,0.01220703125,4,287,6,6.8163672654690615,6.41147132169576
288,31,0.57763671875,15,0.01220703125,4,288,1,0.2315369261477046,0.22443890274314215
289,118,0.70458984375,15,0.01220703125,4,289,4,4.892215568862276,4.860349127182045
290,118,0.57763671875,3,0.01220703125,4,290,10,12.852295409181636,13.254364089775562
291,118,0.57763671875,15,0.93701171875,4,291,4,3.291417165668663,3.376558603491272
292,118,0.57763671875,15,0.01220703125,5,292,9,9.407185628742514,9.86284289276808
293,31,0.70458984375,3,0.93701171875,5,293,1,0.07584830339321358,0.08977556109725686
294,83,0.32763671875,0,0.76220703125,3,294,41,30.952095808383234,31.960099750623442
295,66,0.32763671875,0,0.76220703125,3,295,37,31.227544910179642,32.566084788029926
296,83,0.45458984375,0,0.76220703125,3,296,32,19.31936127744511,19.321695760598505
297,83,0.32763671875,8,0.76220703125,3,297,3,5.067864271457085,5.231920199501247
298,83,0.32763671875,0,0.68701171875,3,298,43,28.283433133732537,27.992518703241895
299,83,0.32763671875,0,0.76220703125,6,299,26,29.89620758483034,29.693266832917704
300,66,0.45458984375,8,0.68701171875,6,300,4,2.7285429141716566,2.7281795511221945
301,13,0.82763671875,10,0.26220703125,5,301,0,0.011976047904191617,0.014962593516209476
302,136,0.82763671875,10,0.26220703125,5,302,6,2.5708582834331337,2.516209476309227
303,13,0.95458984375,10,0.26220703125,5,303,0,0.0,0.0
304,13,0.82763671875,18,0.26220703125,5,304,0,0.021956087824351298,0.00997506234413965
305,13,0.82763671875,10,0.18701171875,5,305,0,0.005988023952095809,0.004987531172069825
306,13,0.82763671875,10,0.26220703125,4,306,0,0.021956087824351298,0.02743142144638404
307,136,0.95458984375,18,0.18701171875,4,307,0,0.043912175648702596,0.05486284289276808
308,14,0.47607421875,1,0.87939453125,6,308,0,0.05588822355289421,0.06234413965087282
309,107,0.47607421875,1,0.87939453125,6,309,12,13.912175648702595,15.269326683291771
310,14,0.79052734375,1,0.87939453125,6,310,0,0.00998003992015968,0.004987531172069825
311,14,0.47607421875,19,0.87939453125,6,311,0,0.06786427145708583,0.08229426433915212
312,14,0.47607421875,1,0.27294921875,6,312,0,0.16966067864271456,0.20448877805486285
313,14,0.47607421875,1,0.87939453125,6,313,0,0.015968063872255488,0.0199501246882793
314,107,0.79052734375,19,0.27294921875,6,314,1,1.0838323353293413,1.0922693266832917
315,84,0.97607421875,11,0.37939453125,4,315,0,0.06986027944111776,0.08728179551122195
316,37,0.97607421875,11,0.37939453125,4,316,0,0.0,0.0
317,84,0.29052734375,11,0.37939453125,4,317,9,7.3453093812375245,7.2094763092269325
318,84,0.97607421875,9,0.37939453125,4,318,0,0.003992015968063872,0.004987531172069825
319,84,0.97607421875,11,0.77294921875,4,319,0,0.017964071856287425,0.017456359102244388
320,84,0.97607421875,11,0.37939453125,4,320,0,0.023952095808383235,0.029925187032418952
321,37,0.29052734375,9,0.77294921875,4,321,0,0.6706586826347305,0.6508728179551122
322,119,0.22607421875,6,0.62939453125,3,322,26,23.067864271457086,22.653366583541146
323,72,0.22607421875,6,0.62939453125,3,323,5,4.463073852295409,4.723192019950124
324,119,0.54052734375,6,0.62939453125,3,324,7,7.075848303393213,7.326683291770574
325,119,0.22607421875,4,0.62939453125,3,325,18,19.682634730538922,19.49875311720698
326,119,0.22607421875,6,0.52294921875,3,326,38,20.65868263473054,20.65087281795511
327,119,0.22607421875,6,0.62939453125,3,327,18,19.135728542914173,18.68079800498753
328,72,0.54052734375,4,0.52294921875,3,328,4,2.2754491017964074,2.266832917705736
329,49,0.72607421875,16,0.12939453125,5,329,0,0.6207584830339321,0.6034912718204489
330,142,0.72607421875,16,0.12939453125,5,330,3,4.45309381237525,4.638403990024938
331,49,0.04052734375,16,0.12939453125,5,331,4,7.2554890219560875,7.26932668329177
332,49,0.72607421875,14,0.12939453125,5,332,1,0.34530938123752497,0.39900249376558605
333,49,0.72607421875,16,0.02294921875,5,333,1,0.8163672654690619,0.9052369077306733
334,49,0.72607421875,16,0.12939453125,5,334,0,0.874251497005988,0.8927680798004988
335,142,0.04052734375,14,0.02294921875,5,335,70,68.49101796407186,67.22443890274315
336,66,0.10107421875,13,0.00439453125,5,336,14,11.550898203592814,11.603491271820449
337,89,0.10107421875,13,0.00439453125,5,337,20,19.932135728542914,20.13715710723192
338,66,0.66552734375,13,0.00439453125,5,338,0,0.9920159680638723,1.059850374064838
339,66,0.10107421875,2,0.00439453125,5,339,12,13.954091816367265,13.795511221945137
340,66,0.10107421875,13,0.64794921875,5,340,6,8.139720558882235,8.448877805486283
341,66,0.10107421875,13,0.00439453125,4,341,12,12.546906187624751,11.401496259351621
342,89,0.66552734375,2,0.64794921875,4,342,1,2.7065868263473054,2.4339152119700747
343,136,0.60107421875,3,0.50439453125,3,343,16,7.630738522954092,7.728179551122195
344,19,0.60107421875,3,0.50439453125,3,344,0,0.05588822355289421,0.06234413965087282
345,136,0.16552734375,3,0.50439453125,3,345,31,38.26746506986028,37.72568578553616
346,136,0.60107421875,12,0.50439453125,3,346,13,10.355289421157684,11.069825436408978
347,136,0.60107421875,3,0.14794921875,3,347,7,14.245508982035927,14.54862842892768
348,136,0.60107421875,3,0.50439453125,6,348,11,11.522954091816366,11.381546134663342
349,19,0.16552734375,12,0.14794921875,6,349,0,0.5588822355289421,0.5286783042394015
350,101,0.35107421875,18,0.25439453125,4,350,9,12.349301397205588,12.633416458852867
351,54,0.35107421875,18,0.25439453125,4,351,2,2.588822355289421,2.6458852867830425
352,101,0.91552734375,18,0.25439453125,4,352,0,0.1437125748502994,0.16458852867830423
353,101,0.35107421875,17,0.25439453125,4,353,26,14.882235528942116,14.698254364089776
354,101,0.35107421875,18,0.39794921875,4,354,25,13.664670658682635,13.256857855361597
355,101,0.35107421875,18,0.25439453125,5,355,12,13.115768463073852,12.169576059850375
356,54,0.91552734375,17,0.39794921875,5,356,0,0.021956087824351298,0.02743142144638404
357,31,0.85107421875,8,0.75439453125,6,357,0,0.01996007984031936,0.02493765586034913
358,124,0.85107421875,8,0.75439453125,6,358,1,0.9840319361277445,1.0698254364089776
359,31,0.41552734375,8,0.75439453125,6,359,0,0.40718562874251496,0.3566084788029925
360,31,0.85107421875,7,0.75439453125,6,360,0,0.041916167664670656,0.0399002493765586
361,31,0.85107421875,8,0.89794921875,6,361,0,0.05389221556886228,0.06483790523690773
362,31,0.85107421875,8,0.75439453125,3,362,0,0.03792415169660679,0.04488778054862843
363,124,0.41552734375,7,0.89794921875,3,363,5,9.732534930139721,10.468827930174564
364,40,0.16357421875,19,0.56689453125,4,364,1,1.8303393213572854,1.5436408977556109
365,133,0.16357421875,19,0.56689453125,4,365,30,35.3313373253493,33.593516209476306
366,40,0.72802734375,19,0.56689453125,4,366,1,0.11377245508982035,0.10723192019950124
367,40,0.16357421875,0,0.56689453125,4,367,52,33.41117764471058,37.13965087281795
368,40,0.16357421875,19,0.71044921875,4,368,1,1.4451097804391217,1.3216957605985038
369,40,0.16357421875,19,0.56689453125,5,369,0,2.0738522954091816,2.0374064837905235
370,133,0.72802734375,0,0.71044921875,5,370,3,4.141716566866267,3.5635910224438905
371,110,0.66357421875,9,0.06689453125,6,371,1,7.684630738522954,7.29426433915212
372,63,0.66357421875,9,0.06689453125,6,372,3,1.1736526946107784,1.319201995012469
373,110,0.22802734375,9,0.06689453125,6,373,33,29.25748502994012,29.458852867830423
374,110,0.66357421875,10,0.06689453125,6,374,3,6.0858283433133735,6.571072319201995
375,110,0.66357421875,9,0.21044921875,6,375,9,5.055888223552894,5.516209476309227
376,110,0.66357421875,9,0.06689453125,3,376,3,3.6986027944111775,3.920199501246883
377,63,0.22802734375,10,0.21044921875,3,377,3,5.105788423153693,5.047381546134663
378,145,0.41357421875,14,0.81689453125,5,378,21,21.55688622754491,22.201995012468828
379,28,0.41357421875,14,0.81689453125,5,379,0,0.3033932135728543,0.3117206982543641
380,145,0.97802734375,14,0.81689453125,5,380,0,0.10179640718562874,0.11471321695760599
381,145,0.41357421875,15,0.81689453125,5,381,13,18.766467065868262,19.54862842892768
382,145,0.41357421875,14,0.46044921875,5,382,18,24.311377245508982,25.1571072319202
383,145,0.41357421875,14,0.81689453125,4,383,29,24.179640718562876,25.389027431421447
384,28,0.97802734375,15,0.46044921875,4,384,0,0.0,0.0
385,75,0.91357421875,4,0.31689453125,3,385,0,0.1497005988023952,0.17206982543640897
386,98,0.91357421875,4,0.31689453125,3,386,0,0.24151696606786427,0.2718204488778055
387,75,0.47802734375,4,0.31689453125,3,387,5,5.033932135728543,4.638403990024938
388,75,0.91357421875,5,0.31689453125,3,388,0,0.1317365269461078,0.1546134663341646
389,75,0.91357421875,4,0.96044921875,3,389,0,0.07584830339321358,0.09476309226932668
390,75,0.91357421875,4,0.31689453125,6,390,0,0.03992015968063872,0.04987531172069826
391,98,0.47802734375,5,0.96044921875,6,391,2,5.774451097804391,6.029925187032419
392,58,0.28857421875,7,0.44189453125,3,392,6,3.510978043912176,3.9052369077306732
393,115,0.28857421875,7,0.44189453125,3,393,18,16.42115768463074,17.68079800498753
394,58,0.85302734375,7,0.44189453125,3,394,0,0.18163672654690619,0.18952618453865336
395,58,0.28857421875,18,0.44189453125,3,395,1,3.596806387225549,3.6957605985037407
396,58,0.28857421875,7,0.33544921875,3,396,0,3.2075848303393215,3.5286783042394014
397,58,0.28857421875,7,0.44189453125,3,397,2,2.960079840319361,2.7855361596009973
398,115,0.85302734375,18,0.33544921875,3,398,1,1.0578842315369261,1.3092269326683292
399,128,0.78857421875,17,0.94189453125,5,399,2,2.532934131736527,2.3915211970074814
400,45,0.78857421875,17,0.94189453125,5,400,1,0.18163672654690619,0.16209476309226933
401,128,0.35302734375,17,0.94189453125,5,401,26,21.191616766467067,21.17206982543641
402,128,0.78857421875,8,0.94189453125,5,402,3,1.5768463073852295,1.6359102244389028
403,128,0.78857421875,17,0.83544921875,5,403,2,1.9281437125748504,1.9950124688279303
404,128,0.78857421875,17,0.94189453125,5,404,1,1.9580838323353293,2.144638403990025
405,45,0.35302734375,8,0.83544921875,5,405,3,0.9520958083832335,0.9526184538653366
406,93,0.03857421875,2,0.19189453125,6,406,38,31.90818363273453,30.920199501246884
407,10,0.03857421875,2,0.19189453125,6,407,0,0.10578842315369262,0.08977556109725686
408,93,0.60302734375,2,0.19189453125,6,408,3,5.261477045908183,5.2094763092269325
409,93,0.03857421875,3,0.19189453125,6,409,19,26.35129740518962,25.972568578553616
410,93,0.03857421875,2,0.58544921875,6,410,23,22.43313373253493,22.75561097256858
411,93,0.03857421875,2,0.19189453125,6,411,25,29.81437125748503,29.08229426433915
412,10,0.60302734375,3,0.58544921875,6,412,0,0.001996007984031936,0.0024937655860349127
413,23,0.53857421875,12,0.69189453125,4,413,0,0.033932135728542916,0.04239401496259352
414,80,0.53857421875,12,0.69189453125,4,414,1,1.9141716566866267,1.7805486284289276
415,23,0.10302734375,12,0.69189453125,4,415,0,0.38922155688622756,0.4538653366583541
416,23,0.53857421875,13,0.69189453125,4,416,0,0.033932135728542916,0.0399002493765586
417,23,0.53857421875,12,0.08544921875,4,417,0,0.15568862275449102,0.06483790523690773
418,23,0.53857421875,12,0.69189453125,4,418,0,0.15568862275449102,0.1770573566084788
419,80,0.10302734375,13,0.08544921875,4,419,12,13.926147704590818,13.980049875311721
420,27,0.00732421875,9,0.28564453125,5,420,3,0.9780439121756487,1.0124688279301746
421,50,0.00732421875,9,0.28564453125,5,421,9,5.846307385229541,5.9900249376558605
422,27,0.25927734375,9,0.28564453125,5,422,2,0.6027944111776448,0.5985037406483791
423,27,0.00732421875,2,0.28564453125,5,423,0,1.7225548902195609,1.57356608478803
424,27,0.00732421875,9,0.24169921875,5,424,1,1.4810379241516967,1.5062344139650872
425,27,0.00732421875,9,0.28564453125,6,425,1,1.3672654690618762,1.3566084788029926
426,50,0.25927734375,2,0.24169921875,6,426,1,4.323353293413174,4.660847880299252
427,97,0.50732421875,19,0.78564453125,3,427,4,5.688622754491018,5.144638403990025
428,120,0.50732421875,19,0.78564453125,3,428,8,7.83433133732535,7.8453865336658355
429,97,0.75927734375,19,0.78564453125,3,429,1,1.3393213572854292,1.346633416458853
430,97,0.50732421875,12,0.78564453125,3,430,2,5.263473053892215,5.43640897755611
431,97,0.50732421875,19,0.74169921875,3,431,2,4.794411177644711,4.329177057356609
432,97,0.50732421875,19,0.78564453125,4,432,6,4.932135728542915,5.3740648379052365
433,120,0.75927734375,12,0.74169921875,4,433,2,1.7764471057884232,1.7655860349127181
434,132,0.25732421875,4,0.03564453125,4,434,30,37.8063872255489,36.14962593516209
435,85,0.25732421875,4,0.03564453125,4,435,13,13.616766467065869,13.708229426433915
436,132,0.00927734375,4,0.03564453125,4,436,55,61.30938123752495,60.65835411471322
437,132,0.25732421875,17,0.03564453125,4,437,30,32.64271457085828,33.13216957605985
438,132,0.25732421875,4,0.99169921875,4,438,20,23.704590818363272,21.4214463840399
439,132,0.25732421875,4,0.03564453125,3,439,37,32.684630738522955,31.743142144638405
440,85,0.00927734375,17,0.99169921875,3,440,21,10.069860279441118,10.336658354114713
441,62,0.75732421875,14,0.53564453125,6,441,1,0.8802395209580839,0.7630922693266833
442,15,0.75732421875,14,0.53564453125,6,442,0,0.031936127744510975,0.0
443,62,0.50927734375,14,0.53564453125,6,443,3,2.9580838323353293,3.0448877805486285
444,62,0.75732421875,7,0.53564453125,6,444,2,1.249500998003992,1.3316708229426435
445,62,0.75732421875,14,0.49169921875,6,445,0,0.2834331337325349,0.2593516209476309
446,62,0.75732421875,14,0.53564453125,5,446,0,0.48902195608782434,0.57356608478803
447,15,0.50927734375,7,0.49169921875,5,447,0,0.1217564870259481,0.1396508728179551
448,79,0.38232421875,16,0.66064453125,6,448,6,6.327345309381237,6.4812967581047385
449,67,0.38232421875,16,0.66064453125,6,449,5,4.9880239520958085,4.728179551122195
450,79,0.13427734375,16,0.66064453125,6,450,11,11.33932135728543,11.458852867830425
451,79,0.38232421875,15,0.66064453125,6,451,6,4.307385229540918,4.750623441396509
452,79,0.38232421875,16,0.86669921875,6,452,4,3.4510978043912175,3.650872817955112
453,79,0.38232421875,16,0.66064453125,4,453,6,5.291417165668663,5.236907730673317
454,67,0.13427734375,15,0.86669921875,4,454,11,4.8163672654690615,5.12219451371571
455,149,0.88232421875,6,0.16064453125,4,455,2,1.5049900199600799,1.2219451371571073
456,137,0.88232421875,6,0.16064453125,4,456,2,1.6047904191616766,1.5561097256857854
457,149,0.63427734375,6,0.16064453125,4,457,13,9.90818363273453,9.259351620947632
458,149,0.88232421875,5,0.16064453125,4,458,0,1.1896207584830338,1.3840399002493766
459,149,0.88232421875,6,0.36669921875,4,459,3,1.2954091816367266,1.344139650872818
460,149,0.88232421875,6,0.16064453125,6,460,2,1.187624750499002,1.144638403990025
461,137,0.63427734375,5,0.36669921875,6,461,6,7.650698602794411,7.937655860349127
462,114,0.13232421875,11,0.91064453125,3,462,20,18.015968063872254,18.39650872817955
463,102,0.13232421875,11,0.91064453125,3,463,14,14.768463073852296,15.27431421446384
464,114,0.38427734375,11,0.91064453125,3,464,11,11.337325349301397,11.571072319201996
465,114,0.13232421875,0,0.91064453125,3,465,45,57.12175648702595,54.86783042394015
466,114,0.13232421875,11,0.11669921875,3,466,25,30.954091816367267,30.35411471321696
467,114,0.13232421875,11,0.91064453125,5,467,13,17.043912175648703,16.835411471321695
468,102,0.38427734375,0,0.11669921875,5,468,16,29.800399201596807,29.032418952618453
469,44,0.63232421875,1,0.41064453125,5,469,2,0.9620758483033932,0.8054862842892768
470,32,0.63232421875,1,0.41064453125,5,470,0,0.4411177644710579,0.38154613466334164
471,44,0.88427734375,1,0.41064453125,5,471,0,0.12974051896207583,0.1571072319201995
472,44,0.63232421875,10,0.41064453125,5,472,2,0.6706586826347305,0.7082294264339152
473,44,0.63232421875,1,0.61669921875,5,473,0,1.0059880239520957,1.1945137157107233
474,44,0.63232421875,1,0.41064453125,3,474,6,1.473053892215569,1.6384039900249376
475,32,0.88427734375,10,0.61669921875,3,475,0,0.031936127744510975,0.02743142144638404
476,36,0.31982421875,10,0.22314453125,3,476,3,2.0838323353293413,2.1895261845386536
477,24,0.31982421875,10,0.22314453125,3,477,0,0.3153692614770459,0.26433915211970077
478,36,0.19677734375,10,0.22314453125,3,478,4,1.9560878243512974,1.9576059850374066
479,36,0.31982421875,16,0.22314453125,3,479,1,1.4211576846307385,1.4214463840399003
480,36,0.31982421875,10,0.80419921875,3,480,1,0.626746506986028,0.6683291770573566
481,36,0.31982421875,10,0.22314453125,5,481,1,1.3532934131736527,1.1296758104738154
482,24,0.19677734375,16,0.80419921875,5,482,0,0.24750499001996007,0.16708229426433915
483,106,0.81982421875,0,0.72314453125,5,483,0,2.373253493013972,2.6733167082294265
484,94,0.81982421875,0,0.72314453125,5,484,3,2.031936127744511,2.2693266832917707
485,106,0.69677734375,0,0.72314453125,5,485,9,6.131736526946108,6.012468827930174
486,106,0.81982421875,6,0.72314453125,5,486,0,0.7784431137724551,0.8753117206982544
487,106,0.81982421875,0,0.30419921875,5,487,1,2.0698602794411176,1.9002493765586035
488,106,0.81982421875,0,0.72314453125,3,488,2,2.8642714570858283,2.491271820448878
489,94,0.69677734375,6,0.30419921875,3,489,1,3.4790419161676644,3.733167082294264
490,141,0.06982421875,15,0.47314453125,6,490,74,59.047904191616766,59.66334164588529
491,129,0.06982421875,15,0.47314453125,6,491,50,47.808383233532936,47.26932668329177
492,141,0.44677734375,15,0.47314453125,6,492,29,21.40119760479042,21.54862842892768
493,141,0.06982421875,1,0.47314453125,6,493,83,69.24750499001996,69.69825436408978
494,141,0.06982421875,15,0.05419921875,6,494,85,66.78043912175649,66.9501246882793
495,141,0.06982421875,15,0.47314453125,4,495,56,53.9061876247505,53.83291770573566
496,129,0.44677734375,1,0.05419921875,4,496,20,24.82634730538922,25.648379052369076
497,71,0.56982421875,5,0.97314453125,4,497,1,1.2594810379241517,1.0897755610972568
498,59,0.56982421875,5,0.97314453125,4,498,0,0.8822355289421158,0.8403990024937655
499,71,0.94677734375,5,0.97314453125,4,499,0,0.0499001996007984,0.06234413965087282
500,71,0.56982421875,11,0.97314453125,4,500,4,1.6427145708582835,1.855361596009975
501,71,0.56982421875,5,0.55419921875,4,501,3,1.5409181636726548,1.688279301745636
502,71,0.56982421875,5,0.97314453125,6,502,4,1.966067864271457,1.9600997506234414
503,59,0.94677734375,11,0.55419921875,6,503,0,0.005988023952095809,0.007481296758104738
504,53,0.19482421875,2,0.84814453125,4,504,8,3.157684630738523,3.6608478802992517
505,41,0.19482421875,2,0.84814453125,4,505,0,1.3532934131736527,1.3640897755610972
506,53,0.32177734375,2,0.84814453125,4,506,2,2.245508982035928,2.6109725685785534
507,53,0.19482421875,4,0.84814453125,4,507,4,1.9401197604790419,1.8753117206982544
508,53,0.19482421875,2,0.17919921875,4,508,11,5.233532934131737,5.331670822942644
509,53,0.19482421875,2,0.84814453125,3,509,4,3.1077844311377247,3.3665835411471323
510,41,0.32177734375,4,0.17919921875,3,510,5,1.2435129740518962,1.1945137157107233
511,123,0.69482421875,12,0.34814453125,6,511,4,4.772455089820359,4.241895261845387
512,111,0.69482421875,12,0.34814453125,6,512,3,4.754491017964072,4.413965087281795
513,123,0.82177734375,12,0.34814453125,6,513,1,1.5369261477045908,1.6907730673316708
514,123,0.69482421875,14,0.34814453125,6,514,10,7.281437125748503,6.802992518703242
515,123,0.69482421875,12,0.67919921875,6,515,0,3.538922155688623,3.516209476309227
516,123,0.69482421875,12,0.34814453125,5,516,8,3.273453093812375,3.172069825436409
517,111,0.82177734375,14,0.67919921875,5,517,1,1.6506986027944113,1.7780548628428927
518,88,0.44482421875,7,0.59814453125,5,518,5,4.700598802395209,4.493765586034913
519,146,0.44482421875,7,0.59814453125,5,519,18,16.2375249500998,16.531172069825438
520,88,0.07177734375,7,0.59814453125,5,520,13,14.445109780439122,13.735660847880299
521,88,0.44482421875,19,0.59814453125,5,521,3,6.812375249500998,6.827930174563591
522,88,0.44482421875,7,0.92919921875,5,522,5,4.187624750499002,4.256857855361596
523,88,0.44482421875,7,0.59814453125,6,523,7,5.822355289421158,5.977556109725686
524,146,0.07177734375,19,0.92919921875,6,524,49,49.79840319361278,50.13466334164588
525,18,0.94482421875,17,0.09814453125,3,525,1,0.05389221556886228,0.06733167082294264
526,76,0.94482421875,17,0.09814453125,3,526,0,0.023952095808383235,0.0024937655860349127
527,18,0.57177734375,17,0.09814453125,3,527,0,0.023952095808383235,0.022443890274314215
528,18,0.94482421875,9,0.09814453125,3,528,0,0.0,0.0
529,18,0.94482421875,17,0.42919921875,3,529,0,0.0,0.0
530,18,0.94482421875,17,0.09814453125,4,530,0,0.0,0.0
531,76,0.57177734375,9,0.42919921875,4,531,8,1.9820359281437125,2.1596009975062342
532,16,0.24169921875,14,0.42626953125,6,532,1,0.09381237524950099,0.10473815461346633
533,61,0.24169921875,14,0.42626953125,6,533,4,4.626746506986028,4.266832917705735
534,16,0.02490234375,14,0.42626953125,6,534,0,0.36726546906187624,0.24438902743142144
535,16,0.24169921875,6,0.42626953125,6,535,0,0.18562874251497005,0.20947630922693267
536,16,0.24169921875,14,0.72607421875,6,536,0,0.0998003992015968,0.11221945137157108
537,16,0.24169921875,14,0.42626953125,6,537,1,0.18562874251497005,0.2194513715710723
538,61,0.02490234375,6,0.72607421875,6,538,5,4.772455089820359,4.85785536159601
539,86,0.74169921875,4,0.92626953125,4,539,1,1.1357285429141717,1.059850374064838
540,131,0.74169921875,4,0.92626953125,4,540,7,3.255489021956088,3.7256857855361596
541,86,0.52490234375,4,0.92626953125,4,541,6,3.13373253493014,3.3541147132169575
542,86,0.74169921875,16,0.92626953125,4,542,0,1.746506986027944,1.8827930174563592
543,86,0.74169921875,4,0.22607421875,4,543,3,1.5808383233532934,1.7231920199501247
544,86,0.74169921875,4,0.92626953125,4,544,0,0.9960079840319361,1.1571072319201996
545,131,0.52490234375,16,0.22607421875,4,545,10,12.916167664670658,13.1571072319202
546,121,0.49169921875,19,0.17626953125,3,546,19,11.171656686626747,10.733167082294264
547,96,0.49169921875,19,0.17626953125,3,547,17,12.165668662674651,13.00997506234414
548,121,0.27490234375,19,0.17626953125,3,548,19,22.427145708582835,22.51620947630923
549,121,0.49169921875,11,0.17626953125,3,549,15,11.207584830339322,12.069825436408978
550,121,0.49169921875,19,0.47607421875,3,550,11,7.574850299401198,8.159600997506235
551,121,0.49169921875,19,0.17626953125,3,551,13,11.451097804391217,11.571072319201996
552,96,0.27490234375,11,0.47607421875,3,552,18,12.506986027944112,12.972568578553616
553,51,0.99169921875,9,0.67626953125,5,553,0,0.0,0.0
554,26,0.99169921875,9,0.67626953125,5,554,0,0.0,0.0
555,51,0.77490234375,9,0.67626953125,5,555,0,0.1497005988023952,0.1745635910224439
556,51,0.99169921875,1,0.67626953125,5,556,0,0.0,0.0
557,51,0.99169921875,9,0.97607421875,5,557,0,0.0,0.0
558,51,0.99169921875,9,0.67626953125,5,558,0,0.0,0.0
559,26,0.77490234375,1,0.97607421875,5,559,0,0.013972055888223553,0.014962593516209476
560,68,0.36669921875,1,0.55126953125,5,560,4,7.630738522954092,7.71072319201995
561,78,0.36669921875,1,0.55126953125,5,561,9,10.077844311377245,9.54862842892768
562,68,0.39990234375,1,0.55126953125,5,562,6,6.3812375249501,6.603491271820449
563,68,0.36669921875,14,0.55126953125,5,563,3,4.9141716566866265,5.216957605985037
564,68,0.36669921875,1,0.35107421875,5,564,14,8.776447105788423,8.82294264339152
565,68,0.36669921875,1,0.55126953125,4,565,5,6.055888223552894,6.658354114713217
566,78,0.39990234375,14,0.35107421875,4,566,5,6.203592814371257,6.473815461346633
567,138,0.86669921875,11,0.05126953125,3,567,3,1.2475049900199602,1.4788029925187032
568,148,0.86669921875,11,0.05126953125,3,568,1,1.2275449101796407,1.0798004987531171
569,138,0.89990234375,11,0.05126953125,3,569,0,0.8522954091816367,0.85785536159601
570,138,0.86669921875,4,0.05126953125,3,570,0,0.9201596806387226,0.8927680798004988
571,138,0.86669921875,11,0.85107421875,3,571,2,0.6467065868263473,0.7481296758104738
572,138,0.86669921875,11,0.05126953125,6,572,1,0.8622754491017964,0.8329177057356608
573,148,0.89990234375,4,0.85107421875,6,573,2,0.9900199600798403,1.1097256857855362
574,103,0.11669921875,6,0.80126953125,4,574,15,15.956087824351297,15.690773067331671
575,113,0.11669921875,6,0.80126953125,4,575,17,18.00998003992016,19.3142144638404
576,103,0.14990234375,6,0.80126953125,4,576,12,16.057884231536928,16.00997506234414
577,103,0.11669921875,9,0.80126953125,4,577,11,14.231536926147704,13.942643391521196
578,103,0.11669921875,6,0.60107421875,4,578,16,16.74251497005988,16.663341645885286
579,103,0.11669921875,6,0.80126953125,5,579,14,16.84630738522954,15.930174563591022
580,113,0.14990234375,9,0.60107421875,5,580,27,23.095808383233532,23.508728179551124
581,33,0.61669921875,16,0.30126953125,6,581,0,0.2215568862275449,0.18204488778054864
582,43,0.61669921875,16,0.30126953125,6,582,0,0.6287425149700598,0.655860349127182
583,33,0.64990234375,16,0.30126953125,6,583,0,0.17964071856287425,0.16458852867830423
584,33,0.61669921875,19,0.30126953125,6,584,1,0.31137724550898205,0.314214463840399
585,33,0.61669921875,16,0.10107421875,6,585,0,0.2275449101796407,0.1745635910224439
586,33,0.61669921875,16,0.30126953125,3,586,1,0.313373253493014,0.3491271820448878
587,43,0.64990234375,19,0.10107421875,3,587,0,0.6027944111776448,0.5511221945137157
588,42,0.42919921875,5,0.11376953125,4,588,0,1.3053892215568863,1.1870324189526185
589,17,0.42919921875,5,0.11376953125,4,589,0,0.08183632734530938,0.08977556109725686
590,42,0.46240234375,5,0.11376953125,4,590,1,0.9281437125748503,0.6184538653366584
591,42,0.42919921875,13,0.11376953125,4,591,1,1.435129740518962,1.4613466334164589
592,42,0.42919921875,5,0.28857421875,4,592,1,1.5069860279441119,1.346633416458853
593,42,0.42919921875,5,0.11376953125,5,593,4,1.3193612774451098,1.2917705735660847
594,17,0.46240234375,13,0.28857421875,5,594,1,0.20359281437125748,0.18703241895261846
595,112,0.92919921875,15,0.61376953125,6,595,0,0.18363273453093812,0.20199501246882792
596,87,0.92919921875,15,0.61376953125,6,596,0,0.05389221556886228,0.059850374064837904
597,112,0.96240234375,15,0.61376953125,6,597,0,0.08582834331337326,0.09725685785536159
598,112,0.92919921875,3,0.61376953125,6,598,0,0.0998003992015968,0.12468827930174564
599,112,0.92919921875,15,0.78857421875,6,599,1,0.1317365269461078,0.1396508728179551
600,112,0.92919921875,15,0.61376953125,3,600,0,0.16766467065868262,0.20199501246882792
601,87,0.96240234375,3,0.78857421875,3,601,0,0.007984031936127744,0.0
602,147,0.17919921875,0,0.36376953125,5,602,46,55.27345309381238,45.16957605985037
603,122,0.17919921875,0,0.36376953125,5,603,42,48.86427145708583,44.33915211970075
604,147,0.21240234375,0,0.36376953125,5,604,33,53.119760479041915,44.46882793017456
605,147,0.17919921875,8,0.36376953125,5,605,30,49.06786427145708,48.50872817955112
606,147,0.17919921875,0,0.53857421875,5,606,42,55.76646706586826,47.5211970074813
607,147,0.17919921875,0,0.36376953125,4,607,39,51.35728542914172,43.37905236907731
608,122,0.21240234375,8,0.53857421875,4,608,27,25.469061876247505,25.43142144638404
609,77,0.67919921875,10,0.86376953125,3,609,2,1.0558882235528941,1.1072319201995013
610,52,0.67919921875,10,0.86376953125,3,610,1,0.4471057884231537,0.4763092269326683
611,77,0.71240234375,10,0.86376953125,3,611,3,1.1037924151696608,1.256857855361596
612,77,0.67919921875,18,0.86376953125,3,612,0,0.9301397205588823,0.8179551122194514
613,77,0.67919921875,10,0.03857421875,3,613,2,2.1117764471057883,1.940149625935162
614,77,0.67919921875,10,0.86376953125,6,614,1,1.43313373253493,1.5436408977556109
615,52,0.71240234375,18,0.03857421875,6,615,0,0.5449101796407185,0.4837905236907731
616,60,0.05419921875,18,0.98876953125,3,616,0,2.936127744510978,2.693266832917706
617,34,0.05419921875,18,0.98876953125,3,617,1,0.7245508982035929,0.6708229426433915
618,60,0.08740234375,18,0.98876953125,3,618,2,3.8842315369261478,4.089775561097257
619,60,0.05419921875,5,0.98876953125,3,619,4,2.439121756487026,2.428927680798005
620,60,0.05419921875,18,0.66357421875,3,620,7,4.940119760479042,4.942643391521197
621,60,0.05419921875,18,0.98876953125,3,621,4,4.473053892215569,4.326683291770574
622,34,0.08740234375,5,0.66357421875,3,622,0,0.9640718562874252,1.057356608478803
623,130,0.55419921875,8,0.48876953125,5,623,10,12.217564870259482,13.211970074812967
624,104,0.55419921875,8,0.48876953125,5,624,7,4.42315369261477,4.062344139650873
625,130,0.58740234375,8,0.48876953125,5,625,12,10.79441117764471,11.094763092269327
626,130,0.55419921875,15,0.48876953125,5,626,12,11.097804391217565,11.615960099750623
627,,,,,,,,,
628,,,,,,,,,
629,,,,,,,,,
630,,,,,,,,,
631,,,,,,,,,
632,,,,,,,,,
633,,,,,,,,,
634,,,,,,,,,
635,,,,,,,,,
636,,,,,,,,,
637,,,,,,,,,
638,,,,,,,,,
639,,,,,,,,,
640,,,,,,,,,
641,,,,,,,,,
642,,,,,,,,,
643,,,,,,,,,
644,,,,,,,,,
645,,,,,,,,,
646,,,,,,,,,
647,,,,,,,,,
648,,,,,,,,,
649,,,,,,,,,
650,,,,,,,,,
651,,,,,,,,,
652,,,,,,,,,
653,,,,,,,,,
654,,,,,,,,,
655,,,,,,,,,
656,,,,,,,,,
657,,,,,,,,,
658,,,,,,,,,
659,,,,,,,,,
660,,,,,,,,,
661,,,,,,,,,
662,,,,,,,,,
663,,,,,,,,,
664,,,,,,,,,
665,,,,,,,,,
666,,,,,,,,,
667,,,,,,,,,
668,,,,,,,,,
669,,,,,,,,,
670,,,,,,,,,
671,,,,,,,,,
672,,,,,,,,,
673,,,,,,,,,
674,,,,,,,,,
675,,,,,,,,,
676,,,,,,,,,
677,,,,,,,,,
678,,,,,,,,,
679,,,,,,,,,
680,,,,,,,,,
681,,,,,,,,,
682,,,,,,,,,
683,,,,,,,,,
684,,,,,,,,,
685,,,,,,,,,
686,,,,,,,,,
687,,,,,,,,,
688,,,,,,,,,
689,,,,,,,,,
690,,,,,,,,,
691,,,,,,,,,
692,,,,,,,,,
693,,,,,,,,,
694,,,,,,,,,
695,,,,,,,,,
696,,,,,,,,,
697,,,,,,,,,
698,,,,,,,,,
699,,,,,,,,,
